{"cameras":{"1":{"camera":{"x":47.70455724009055,"y":14.486250783165161,"z":19.346273983894076},"controls":{"x":26.729852838516585,"y":-5.4653101312394154,"z":-5.566513767756393}},"2":{"camera":{"x":65.0405971975627,"y":43.968453592914315,"z":-65.8036714159513},"controls":{"x":30.44708560839877,"y":-5.651882133498932,"z":-69.4519838216459}},"3":{"camera":{"x":-6.43950158077941,"y":4.907235511265615,"z":-167.2976682963257},"controls":{"x":-24.67016560683533,"y":-19.653739606434474,"z":-111.32160297246035}},"4":{"camera":{"x":13.558558878664762,"y":11.161748062350128,"z":-50.5778486794482},"controls":{"x":-22.398054529009165,"y":-37.16815889837624,"z":-71.56023520061132}},"5":{"camera":{"x":1,"y":1,"z":1},"controls":{"x":1,"y":1,"z":1}},"6":{"camera":{"x":1,"y":1,"z":1},"controls":{"x":1,"y":1,"z":1}},"7":{"camera":{"x":1,"y":1,"z":1},"controls":{"x":1,"y":1,"z":1}},"8":{"camera":{"x":1,"y":1,"z":1},"controls":{"x":1,"y":1,"z":1}},"9":{"camera":{"x":1,"y":1,"z":1},"controls":{"x":1,"y":1,"z":1}}}}