{"cameras":{"1":{"camera":{"x":-1.9388553507095025,"y":24.25934738272879,"z":-183.3082772114093},"controls":{"x":65.45660745627467,"y":-61.12840050317401,"z":-70.44151903595366}},"2":{"camera":{"x":12.120061427316443,"y":12.957043229658318,"z":-17.234455484296916},"controls":{"x":5.6928483100514855,"y":-46.33443156069778,"z":-112.20660117505916}},"3":{"camera":{"x":-6.635390264756456,"y":7.531883682815287,"z":5.8503356515872085},"controls":{"x":19.19358848426316,"y":-6.73554398383648,"z":-18.397434674216736}},"4":{"camera":{"x":13.558558878664762,"y":11.161748062350128,"z":-50.5778486794482},"controls":{"x":-22.398054529009165,"y":-37.16815889837624,"z":-71.56023520061132}},"5":{"camera":{"x":56.95853297224126,"y":9.20928702960817,"z":-195.05116291362677},"controls":{"x":5.6928483100514855,"y":-46.33443156069778,"z":-112.20660117505916}},"6":{"camera":{"x":60.62446764953823,"y":133.17187322688648,"z":24.644083209877664},"controls":{"x":-5.372252571024076,"y":-18.05101998587392,"z":-92.89738899670525}},"7":{"camera":{"x":1,"y":1,"z":1},"controls":{"x":1,"y":1,"z":1}},"8":{"camera":{"x":1,"y":1,"z":1},"controls":{"x":1,"y":1,"z":1}},"9":{"camera":{"x":1,"y":1,"z":1},"controls":{"x":1,"y":1,"z":1}}}}