{"cameras":{"1":{"camera":{"x":47.70455724009055,"y":14.486250783165161,"z":19.346273983894076},"controls":{"x":26.729852838516585,"y":-5.4653101312394154,"z":-5.566513767756393}},"2":{"camera":{"x":65.0405971975627,"y":43.968453592914315,"z":-65.8036714159513},"controls":{"x":30.44708560839877,"y":-5.651882133498932,"z":-69.4519838216459}},"3":{"camera":{"x":-6.635390391205426,"y":7.5318857671338355,"z":5.850334290475921},"controls":{"x":19.19358848426316,"y":-6.73554398383648,"z":-18.397434674216736}},"4":{"camera":{"x":13.558558878664762,"y":11.161748062350128,"z":-50.5778486794482},"controls":{"x":-22.398054529009165,"y":-37.16815889837624,"z":-71.56023520061132}},"5":{"camera":{"x":56.95853297224126,"y":9.20928702960817,"z":-195.05116291362677},"controls":{"x":5.6928483100514855,"y":-46.33443156069778,"z":-112.20660117505916}},"6":{"camera":{"x":60.62446764953823,"y":133.17187322688648,"z":24.644083209877664},"controls":{"x":-5.372252571024076,"y":-18.05101998587392,"z":-92.89738899670525}},"7":{"camera":{"x":1,"y":1,"z":1},"controls":{"x":1,"y":1,"z":1}},"8":{"camera":{"x":1,"y":1,"z":1},"controls":{"x":1,"y":1,"z":1}},"9":{"camera":{"x":1,"y":1,"z":1},"controls":{"x":1,"y":1,"z":1}}}}